rank,car_id,odometer_km,km_since_service,avg_daily_km,load_factor,age_years,broke_down,reading_inconsistent,risk_score,points_km_since_service,points_avg_daily_km
1,VOS-1728,67990,13882,244,0.71,7,1,False,90.34947628377739,53.23379196570845,37.11568431806895
2,VOS-1217,77447,15657,164,0.79,10,0,False,82.89027928371796,60.329765286460365,22.560513997257594
3,VOS-1822,38774,13977,200,0.98,4,1,False,82.7239170949207,53.61357645329799,29.110340641622706
4,VOS-1259,15111,12556,229,0.88,1,1,False,82.31938994816497,47.932800065248145,34.38658988291682
5,VOS-1032,12445,16296,134,0.62,1,0,True,79.9866408088844,62.88431568193106,17.10232512695334
6,VOS-1505,35463,14984,160,0.67,4,1,False,79.47204750296414,57.63929202174711,21.83275548121703
7,VOS-1082,30088,14176,173,0.52,4,1,False,78.60709566986074,54.40912501151187,24.197970658348876
8,VOS-1224,71925,13380,186,0.51,7,1,False,77.79011661413708,51.22693077865636,26.56318583548072
9,VOS-1831,31536,14122,159,0.57,4,1,False,75.84406336550997,54.19324751330308,21.65081585220689
10,VOS-1755,93305,12684,177,0.62,11,1,False,73.37023886502139,48.44450969063195,24.925729174389442
11,VOS-1390,16610,15128,121,0.5,2,0,False,72.95207530012539,58.214965350303885,14.737109949821495
12,VOS-1130,12997,15185,118,0.56,1,0,True,72.63412710564867,58.44283604285761,14.191291062791068
13,VOS-1366,35366,14890,124,0.51,3,1,False,72.5464341024578,57.26350526560588,15.28292883685192
14,VOS-1707,52759,12747,168,0.59,5,1,False,71.9846392851737,48.69636677187554,23.288272513298164
15,VOS-1098,67966,12132,172,0.74,7,1,False,70.25379296050305,46.237761931164314,24.016031029338734
16,VOS-1300,77636,13920,130,0.49,8,1,False,69.76027237165704,53.38570576074427,16.374566610912773
17,VOS-1073,96489,14513,115,0.52,11,1,False,69.4018326853533,55.75636050959265,13.645472175760645
18,VOS-1512,33812,15921,80,0.25,4,1,False,68.66275154922013,61.385166388814454,7.2775851604056765
19,VOS-1162,89514,11039,187,0.75,11,0,False,68.61336692265132,41.868241458160455,26.74512546449086
20,VOS-1464,83215,12879,146,0.51,9,0,False,68.50966799812763,49.22406732305258,19.285600675075045
21,VOS-1493,83412,13813,124,0.37,10,1,False,68.24087733262692,52.957948495775,15.28292883685192
22,VOS-1471,69982,11396,177,0.75,8,1,False,68.2211607595969,43.29543158520746,24.925729174389442
23,VOS-1534,100997,14027,119,0.45,11,0,False,68.18669371751474,53.81346302571354,14.373230691801211
24,VOS-1525,33586,11134,179,0.63,4,1,False,67.53763437815972,42.248025945749994,25.289608432409725
25,VOS-1457,31936,13421,128,0.36,4,1,False,67.40152512092959,51.39083776803711,16.01068735289249
26,VOS-1337,65618,14108,104,0.37,7,0,False,65.7814155296758,54.13727927302672,11.644136256649082
27,VOS-1594,71731,10500,183,0.73,7,0,False,65.73083115597115,39.71346420752086,26.01736694845029
28,VOS-1813,56367,15135,77,0.35,7,0,False,64.97471574381731,58.242949470442056,6.731766273375251
29,VOS-1521,77628,13844,97,0.44,9,1,False,63.45243702425072,53.08187817067263,10.370558853578089
30,VOS-1685,66500,13759,95,0.29,7,0,False,62.748750593124015,52.74207099756621,10.006679595557804
31,VOS-1213,76613,11576,140,0.44,9,0,False,62.208986146917624,44.01502324590343,18.193962901014192
32,VOS-1664,83564,12057,128,0.45,10,0,False,61.94861942543348,45.93793207254099,16.01068735289249
33,VOS-1643,42577,7605,223,0.74,5,0,False,61.43498377351666,28.140031664660693,33.29495210885597
34,VOS-1548,22238,12607,111,0.42,2,0,False,61.05439802883208,48.136684369112004,12.917713659720075
35,VOS-1182,36763,11150,140,0.54,4,0,False,60.50595254993716,42.31198964892297,18.193962901014192
36,VOS-1633,9379,12404,112,0.4,2,0,True,60.4247981738351,47.32514488510488,13.099653288730218
37,VOS-1137,98893,10454,154,0.7,11,0,False,60.27068626805473,39.529568560898554,20.741117707156178
38,VOS-1114,91631,10291,150,0.57,11,0,False,58.89129752593948,38.877938334823874,20.013359191115608
39,VOS-1433,64116,13270,83,0.33,8,0,False,58.610584366778255,50.787180319342156,7.823404047436102
40,VOS-1395,25688,8847,179,0.67,2,0,False,58.39482255587261,33.10521412346288,25.289608432409725
41,VOS-1333,41009,11615,118,0.38,4,0,False,58.36222583517863,44.17093477238756,14.191291062791068
42,VOS-1206,35470,10989,130,0.6,4,1,False,58.042921496657684,41.66835488574491,16.374566610912773
43,VOS-1024,47698,12048,103,0.25,5,0,False,57.36414911714513,45.90195248950619,11.46219662763894
44,VOS-1425,37968,10768,128,0.29,4,0,False,56.79554358856068,40.784856235668194,16.01068735289249
45,VOS-1582,69576,10316,131,0.5,8,0,False,55.53438786095457,38.97788162103165,16.556506239922914
46,VOS-1359,79369,10814,117,0.53,9,1,False,54.97810331607142,40.96875188229049,14.009351433780926
47,VOS-1020,29573,11823,92,0.42,4,0,False,54.46332362216361,45.00246291363623,9.46086070852738
48,VOS-1767,25359,6262,209,0.74,3,0,False,53.51887563229309,22.771078329579105,30.747797302713984
49,VOS-1309,75652,5561,223,0.87,9,1,False,53.26362069316911,19.968668584313136,33.29495210885597
50,VOS-1791,90464,8983,146,0.43,10,0,False,52.93450627550821,33.64890560043317,19.285600675075045
51,VOS-1580,42688,5194,229,0.98,3,0,False,52.88809102569984,18.50150114278302,34.38658988291682
52,VOS-1689,66100,8372,157,0.43,6,0,False,52.49322827970178,31.206291685515183,21.286936594186603
53,VOS-1096,61877,11807,76,0.25,7,0,False,51.48832585482837,44.938499210463256,6.549826644365109
54,VOS-1741,17067,8769,138,0.55,2,0,False,50.623474713488534,32.79339107049463,17.83008364299391
55,VOS-1447,95329,10994,85,0.35,11,0,False,49.87562684844285,41.68834354298646,8.187283305456386
56,VOS-1168,37327,9057,127,0.7,4,0,False,49.77348545149052,33.94473772760818,15.828747723882346
57,VOS-1541,101995,11193,80,0.44,11,0,False,49.76147726160602,42.48389210120034,7.2775851604056765
58,VOS-1276,49911,12110,59,0.25,7,0,False,49.606664790494165,46.14981183930147,3.4568529511926966
59,VOS-1616,98667,7002,162,0.66,11,0,False,47.92603434056652,25.7293996013292,22.196634739237314
60,VOS-1558,38629,11642,59,0.25,4,0,False,47.73572647268465,44.27887352149195,3.4568529511926966
61,VOS-1649,37855,4306,218,0.87,4,0,False,47.336769580488166,14.951515616682908,32.38525396380526
62,VOS-1251,45981,11763,52,0.25,5,0,False,46.945874574859275,44.762599026737576,2.1832755481217028
63,VOS-1285,13275,8360,124,0.56,2,0,False,46.44124774498737,31.158318908135453,15.28292883685192
64,VOS-1656,60173,6850,154,0.51,7,0,False,45.862862128342115,25.121744421185937,20.741117707156178
65,VOS-1714,35325,8362,119,0.46,4,0,False,45.539545062833284,31.166314371032072,14.373230691801211
66,VOS-1143,28911,11216,54,0.25,3,0,False,45.12299473065348,42.57583992451149,2.547154806141987
67,VOS-1326,46966,3960,212,0.59,4,0,False,44.86191672531173,13.568300535567325,31.29361618974441
68,VOS-1305,92834,7519,130,0.47,11,0,False,44.170793371018725,27.796226760105952,16.374566610912773
69,VOS-1315,30629,5653,167,0.59,3,0,False,43.442792761845766,20.33645987755774,23.106332884288022
70,VOS-1038,32282,5116,177,0.59,3,1,False,43.11540726420421,18.189678089814766,24.925729174389442
71,VOS-1834,38501,5670,162,0.71,3,0,False,42.60105605141634,20.40442131217903,22.196634739237314
72,VOS-1235,54239,2713,225,0.88,7,0,False,42.241960786399844,8.583129419523585,33.65883136687626
73,VOS-1609,33185,5211,168,0.64,3,0,False,41.85773509070248,18.56946257740431,23.288272513298164
74,VOS-1697,39423,6008,149,0.65,3,0,False,41.58707410381359,21.755654541708125,19.83141956210547
75,VOS-1379,23089,6744,131,0.58,3,1,False,41.25449112758789,24.697984887664976,16.556506239922914
76,VOS-1448,77318,1700,240,0.98,10,0,False,40.921353264412986,4.533427462384604,36.387925802028384
77,VOS-1599,46184,5824,148,0.49,5,1,False,40.66955188831424,21.02007195521891,19.64947993309533
78,VOS-1067,71145,8686,81,0.35,8,0,False,39.92110414970064,32.46157936028482,7.459524789415819
79,VOS-1705,80872,5536,148,0.57,8,0,False,39.51820523120069,19.86872529810536,19.64947993309533
80,VOS-1189,93973,2921,195,0.68,10,0,False,37.61530005734426,9.414657560772259,28.200642496571994
81,VOS-1419,52463,8931,60,0.25,7,0,False,37.07981614532384,33.441023565121,3.6387925802028382
82,VOS-1084,11478,7599,89,0.39,1,0,False,37.03108709746778,28.116045275970826,8.915041821496954
83,VOS-1778,34403,2719,195,0.79,5,0,False,36.807758304785445,8.60711580821345,28.200642496571994
84,VOS-1196,19368,6383,114,0.43,1,0,False,36.71833638157523,23.254803834824727,13.463532546750502
85,VOS-1000,43322,3507,172,0.7,4,0,False,35.773359218821206,11.75732818948247,24.016031029338734
86,VOS-1404,9922,5885,116,0.38,1,0,False,35.09134537833667,21.26393357356588,13.827411804770787
87,VOS-1562,53016,1926,201,0.75,6,0,False,34.729195040335725,5.436914769702876,29.292280270632848
88,VOS-1801,83023,4319,147,0.26,10,0,False,34.47102642959614,15.003486125510952,19.467540304085187
89,VOS-1241,9114,3755,156,0.53,1,0,False,33.85376255384004,12.74876558866358,21.10499696517646
90,VOS-1573,33076,5412,118,0.33,3,0,False,33.56429766130587,19.373006598514806,14.191291062791068
91,VOS-1175,24484,5872,106,0.47,2,0,False,33.219978579407204,21.211963064737837,12.008015514669367
92,VOS-1760,91972,906,212,0.83,11,0,False,32.65284488217013,1.359228692425719,31.29361618974441
93,VOS-1811,83731,4455,132,0.65,9,0,False,32.2856234714143,15.547177602481238,16.738445868933056
94,VOS-1349,52832,1086,204,0.86,5,1,False,31.916919510784965,2.078820353121688,29.838099157663276
95,VOS-1437,79523,2967,161,0.57,9,0,False,31.613248317621732,9.598553207394561,22.014695110227173
96,VOS-1160,36955,5832,98,0.43,4,0,False,31.60455228939363,21.0520538068054,10.55249848258823
97,VOS-1479,4841,6258,86,0.46,1,0,True,31.12431033825239,22.75508740378586,8.369222934466528
98,VOS-1788,95909,3849,137,0.46,11,0,False,30.772696358788572,13.12455234480481,17.648144013983764
99,VOS-1497,12591,3083,152,0.64,2,0,False,30.439528504534525,10.06229005539863,20.377238449135895
100,VOS-1665,42249,2740,155,0.55,4,0,False,29.614125504794302,8.69106816862798,20.92305733616632
101,VOS-1048,41085,1989,165,0.69,4,0,False,28.431225477214205,5.688771850946465,22.74245362626774
102,VOS-1124,79437,2478,154,0.51,9,0,False,28.38478023632669,7.643662529170514,20.741117707156178
103,VOS-1773,28626,566,196,0.68,3,0,False,28.382582125582136,0.0,28.382582125582136
104,VOS-1746,47775,3264,136,0.52,6,0,False,28.252083832516533,10.78587944754291,17.466204384973622
105,VOS-1352,64207,5749,76,0.37,7,0,False,27.2700687409607,20.72024209659559,6.549826644365109
106,VOS-1051,84381,2977,136,0.56,10,0,False,27.104734906851295,9.638530521877673,17.466204384973622
107,VOS-1626,36315,5341,80,0.25,5,0,False,26.366752826090405,19.089167665684727,7.2775851604056765
108,VOS-1603,85039,4520,91,0.41,9,0,False,25.08595122613869,15.80703014662145,9.278921079517238
109,VOS-1107,44177,4165,94,0.32,4,0,False,24.21257544901873,14.387835482471067,9.824739966547664
110,VOS-1371,42607,6354,40,0.25,4,0,False,23.13886962282371,23.13886962282371,0.0
111,VOS-1408,26709,1183,146,0.61,3,0,False,21.752200978682893,2.4666003036078488,19.285600675075045
112,VOS-1007,109463,2672,110,0.53,11,0,False,21.15499646085277,8.419222430142836,12.735774030709933
113,VOS-1258,19521,1419,133,0.57,2,0,False,20.330450423352428,3.4100649254092303,16.920385497943197
114,VOS-1722,53553,2866,100,0.34,7,0,False,20.111160071723674,9.194782331115158,10.916377740608516
115,VOS-1287,87183,729,140,0.54,9,0,False,18.845593127088875,0.6516302260746829,18.193962901014192
116,VOS-1486,69589,2798,93,0.4,7,0,False,18.56573693016754,8.922936592630014,9.642800337537523
117,VOS-1060,24414,3376,69,0.25,2,0,False,16.509874611047852,11.233625369753737,5.276249241294115
118,VOS-1149,79095,3603,40,0.25,10,0,False,12.14111040852032,12.14111040852032,0.0
119,VOS-1267,41998,578,106,0.28,4,0,False,12.055988292049099,0.047972777379731255,12.008015514669367
120,VOS-1672,87018,1180,75,0.3,10,0,False,8.822494124617883,2.4546071092629163,6.367887015354967
